{"stats":{"minecraft:killed_by":{"minecraft:zombie":2},"minecraft:picked_up":{"minecraft:lilac":2},"minecraft:mined":{"minecraft:lilac":3,"minecraft:oak_log":1},"minecraft:custom":{"minecraft:jump":28,"minecraft:crouch_one_cm":125,"minecraft:time_since_rest":5468,"minecraft:damage_dealt":47,"minecraft:walk_one_cm":14796,"minecraft:damage_taken":530,"minecraft:play_one_minute":52426,"minecraft:leave_game":4,"minecraft:time_since_death":5429,"minecraft:deaths":2,"minecraft:sneak_time":129,"minecraft:fall_one_cm":209,"minecraft:fly_one_cm":5890}},"DataVersion":2586}