{"stats":{"minecraft:killed":{"minecraft:zombie":6},"minecraft:mined":{"minecraft:grass":6,"minecraft:grass_block":17,"minecraft:oak_log":1,"minecraft:dirt":1,"minecraft:lilac":4,"minecraft:oak_leaves":4},"minecraft:picked_up":{"minecraft:arrow":1,"minecraft:lilac":4,"minecraft:bone":2,"minecraft:rotten_flesh":117,"minecraft:gold_nugget":1,"minecraft:lead":1,"minecraft:oak_log":5,"minecraft:oak_sapling":1,"minecraft:dirt":24,"minecraft:string":2},"minecraft:killed_by":{"minecraft:skeleton":1,"minecraft:creeper":1,"minecraft:zombie":55,"minecraft:pillager":2},"minecraft:custom":{"minecraft:damage_taken":15295,"minecraft:play_one_minute":367747,"minecraft:time_since_rest":5093,"minecraft:walk_one_cm":314387,"minecraft:crouch_one_cm":2144,"minecraft:sprint_one_cm":5811,"minecraft:deaths":60,"minecraft:sneak_time":903,"minecraft:mob_kills":17,"minecraft:drop":5,"minecraft:jump":369,"minecraft:damage_dealt":2682,"minecraft:leave_game":22,"minecraft:time_since_death":3399,"minecraft:fly_one_cm":101890,"minecraft:fall_one_cm":2374},"minecraft:used":{"minecraft:dirt":21},"minecraft:dropped":{"minecraft:rotten_flesh":3,"minecraft:dirt":2}},"DataVersion":2586}