{"stats":{"minecraft:custom":{"minecraft:time_since_rest":15857,"minecraft:damage_taken":21080,"minecraft:walk_one_cm":963311,"minecraft:sprint_one_cm":16554,"minecraft:mob_kills":34,"minecraft:drop":7,"minecraft:damage_dealt":6296,"minecraft:fly_one_cm":1667089,"minecraft:play_one_minute":1782653,"minecraft:crouch_one_cm":11516,"minecraft:sneak_time":5809,"minecraft:deaths":105,"minecraft:walk_under_water_one_cm":1380,"minecraft:jump":914,"minecraft:leave_game":55,"minecraft:time_since_death":15820,"minecraft:walk_on_water_one_cm":2776,"minecraft:fall_one_cm":3342},"minecraft:picked_up":{"minecraft:birch_log":20,"minecraft:stick":7,"minecraft:netherite_boots":2,"minecraft:feather":11,"minecraft:wheat":1,"minecraft:stone":2,"minecraft:lilac":4,"minecraft:redstone_block":6,"minecraft:chicken":20,"minecraft:salmon":18,"minecraft:leather":4,"minecraft:torch":14,"minecraft:lead":1,"minecraft:gravel":1,"minecraft:porkchop":7,"minecraft:oak_log":5,"minecraft:stone_button":5,"minecraft:ink_sac":34,"minecraft:grass_block":1,"minecraft:gunpowder":26,"minecraft:netherite_leggings":2,"minecraft:dirt":150,"minecraft:string":11,"minecraft:bone":235,"minecraft:arrow":277,"minecraft:command_block":5,"minecraft:rotten_flesh":1151,"minecraft:netherite_helmet":2,"minecraft:wheat_seeds":13,"minecraft:gold_nugget":1,"minecraft:beef":11,"minecraft:bone_meal":2,"minecraft:glowstone":15,"minecraft:netherite_chestplate":3,"minecraft:oak_sapling":1,"minecraft:birch_sapling":2,"minecraft:coal":1,"minecraft:rail":40,"minecraft:ender_pearl":2},"minecraft:used":{"minecraft:command_block":5,"minecraft:grass_block":18,"minecraft:stone_button":14,"minecraft:stone":34,"minecraft:redstone_block":88,"minecraft:torch":62,"minecraft:glowstone":12,"minecraft:dirt":157},"minecraft:broken":{"minecraft:netherite_helmet":1,"minecraft:netherite_boots":1},"minecraft:dropped":{"minecraft:dirt":2,"minecraft:glowstone":1,"minecraft:rotten_flesh":3,"minecraft:redstone_block":1},"minecraft:killed":{"minecraft:zombie":8},"minecraft:killed_by":{"minecraft:skeleton":3,"minecraft:creeper":1,"minecraft:zombie":72,"minecraft:pillager":2},"minecraft:mined":{"minecraft:lilac":4,"minecraft:grass":6,"minecraft:grass_block":19,"minecraft:oak_log":1,"minecraft:dirt":6,"minecraft:tall_grass":4,"minecraft:oak_leaves":4,"minecraft:wall_torch":1}},"DataVersion":2586}