{"stats":{"minecraft:mined":{"minecraft:lilac":4,"minecraft:grass":6,"minecraft:grass_block":19,"minecraft:oak_log":1,"minecraft:dirt":6,"minecraft:tall_grass":4,"minecraft:oak_leaves":4,"minecraft:wall_torch":1},"minecraft:killed_by":{"minecraft:skeleton":3,"minecraft:creeper":1,"minecraft:zombie":72,"minecraft:pillager":2},"minecraft:custom":{"minecraft:time_since_rest":100888,"minecraft:damage_taken":21080,"minecraft:walk_one_cm":784418,"minecraft:sprint_one_cm":16480,"minecraft:mob_kills":33,"minecraft:drop":7,"minecraft:damage_dealt":6125,"minecraft:fly_one_cm":1562045,"minecraft:play_one_minute":1661066,"minecraft:crouch_one_cm":10769,"minecraft:sneak_time":5318,"minecraft:deaths":104,"minecraft:walk_under_water_one_cm":1380,"minecraft:jump":867,"minecraft:leave_game":51,"minecraft:time_since_death":100853,"minecraft:walk_on_water_one_cm":2776,"minecraft:fall_one_cm":3342},"minecraft:used":{"minecraft:command_block":5,"minecraft:grass_block":18,"minecraft:stone_button":11,"minecraft:stone":34,"minecraft:redstone_block":88,"minecraft:torch":62,"minecraft:glowstone":11,"minecraft:dirt":157},"minecraft:dropped":{"minecraft:dirt":2,"minecraft:glowstone":1,"minecraft:rotten_flesh":3,"minecraft:redstone_block":1},"minecraft:picked_up":{"minecraft:birch_log":20,"minecraft:stick":7,"minecraft:netherite_boots":2,"minecraft:feather":10,"minecraft:wheat":1,"minecraft:stone":1,"minecraft:lilac":4,"minecraft:redstone_block":5,"minecraft:chicken":18,"minecraft:salmon":18,"minecraft:leather":4,"minecraft:torch":14,"minecraft:lead":1,"minecraft:gravel":1,"minecraft:porkchop":7,"minecraft:oak_log":5,"minecraft:stone_button":4,"minecraft:ink_sac":34,"minecraft:grass_block":1,"minecraft:gunpowder":26,"minecraft:netherite_leggings":2,"minecraft:dirt":150,"minecraft:string":11,"minecraft:bone":221,"minecraft:arrow":255,"minecraft:command_block":4,"minecraft:rotten_flesh":816,"minecraft:netherite_helmet":2,"minecraft:wheat_seeds":13,"minecraft:gold_nugget":1,"minecraft:beef":11,"minecraft:bone_meal":2,"minecraft:glowstone":10,"minecraft:netherite_chestplate":3,"minecraft:oak_sapling":1,"minecraft:birch_sapling":2,"minecraft:coal":1,"minecraft:rail":40,"minecraft:ender_pearl":2},"minecraft:broken":{"minecraft:netherite_helmet":1,"minecraft:netherite_boots":1},"minecraft:killed":{"minecraft:zombie":8}},"DataVersion":2586}