{"stats":{"minecraft:killed_by":{"minecraft:skeleton":2,"minecraft:creeper":1,"minecraft:zombie":62,"minecraft:pillager":2},"minecraft:killed":{"minecraft:zombie":8},"minecraft:dropped":{"minecraft:dirt":2,"minecraft:rotten_flesh":3},"minecraft:mined":{"minecraft:lilac":4,"minecraft:grass":6,"minecraft:grass_block":17,"minecraft:oak_log":1,"minecraft:dirt":6,"minecraft:oak_leaves":4,"minecraft:wall_torch":1},"minecraft:broken":{"minecraft:netherite_helmet":1,"minecraft:netherite_boots":1},"minecraft:used":{"minecraft:grass_block":18,"minecraft:stone":19,"minecraft:torch":62,"minecraft:dirt":127},"minecraft:picked_up":{"minecraft:birch_log":20,"minecraft:stick":7,"minecraft:netherite_boots":2,"minecraft:wheat":1,"minecraft:feather":5,"minecraft:lilac":4,"minecraft:chicken":8,"minecraft:salmon":18,"minecraft:leather":4,"minecraft:torch":14,"minecraft:lead":1,"minecraft:gravel":1,"minecraft:porkchop":7,"minecraft:oak_log":5,"minecraft:ink_sac":34,"minecraft:grass_block":1,"minecraft:gunpowder":26,"minecraft:netherite_leggings":2,"minecraft:dirt":148,"minecraft:string":11,"minecraft:arrow":221,"minecraft:bone":192,"minecraft:rotten_flesh":294,"minecraft:netherite_helmet":2,"minecraft:wheat_seeds":12,"minecraft:gold_nugget":1,"minecraft:beef":11,"minecraft:bone_meal":2,"minecraft:netherite_chestplate":3,"minecraft:oak_sapling":1,"minecraft:coal":1,"minecraft:birch_sapling":2,"minecraft:rail":40,"minecraft:ender_pearl":2},"minecraft:custom":{"minecraft:time_since_rest":3971,"minecraft:damage_taken":18015,"minecraft:sprint_one_cm":8654,"minecraft:walk_one_cm":546712,"minecraft:mob_kills":28,"minecraft:drop":5,"minecraft:damage_dealt":4909,"minecraft:fly_one_cm":519748,"minecraft:play_one_minute":819385,"minecraft:crouch_one_cm":3313,"minecraft:deaths":79,"minecraft:sneak_time":2102,"minecraft:jump":583,"minecraft:leave_game":33,"minecraft:time_since_death":3932,"minecraft:walk_on_water_one_cm":292,"minecraft:fall_one_cm":3342}},"DataVersion":2586}