{"stats":{"minecraft:picked_up":{"minecraft:lilac":2},"minecraft:mined":{"minecraft:lilac":3,"minecraft:oak_log":1},"minecraft:custom":{"minecraft:jump":26,"minecraft:time_since_rest":947,"minecraft:deaths":2,"minecraft:damage_taken":530,"minecraft:damage_dealt":20,"minecraft:play_one_minute":47905,"minecraft:leave_game":3,"minecraft:time_since_death":908,"minecraft:walk_one_cm":9161,"minecraft:sneak_time":115,"minecraft:fall_one_cm":209,"minecraft:fly_one_cm":5890},"minecraft:killed_by":{"minecraft:zombie":2}},"DataVersion":2586}