{"stats":{"minecraft:mined":{"minecraft:grass":5,"minecraft:grass_block":5,"minecraft:oak_log":1,"minecraft:dirt":1,"minecraft:lilac":4,"minecraft:oak_leaves":2},"minecraft:custom":{"minecraft:time_since_rest":15024,"minecraft:damage_taken":12065,"minecraft:deaths":46,"minecraft:crouch_one_cm":1839,"minecraft:play_one_minute":227752,"minecraft:sprint_one_cm":826,"minecraft:walk_one_cm":166943,"minecraft:sneak_time":705,"minecraft:mob_kills":16,"minecraft:drop":1,"minecraft:jump":268,"minecraft:damage_dealt":1749,"minecraft:leave_game":17,"minecraft:time_since_death":14711,"minecraft:fall_one_cm":687,"minecraft:fly_one_cm":36232},"minecraft:killed":{"minecraft:zombie":6},"minecraft:killed_by":{"minecraft:skeleton":1,"minecraft:zombie":44},"minecraft:picked_up":{"minecraft:lilac":4,"minecraft:rotten_flesh":11,"minecraft:gold_nugget":1,"minecraft:dirt":21},"minecraft:used":{"minecraft:dirt":1},"minecraft:dropped":{"minecraft:dirt":1}},"DataVersion":2586}