{"stats":{"minecraft:killed":{"minecraft:zombie":5},"minecraft:mined":{"minecraft:grass":4,"minecraft:grass_block":4,"minecraft:oak_log":1,"minecraft:dirt":1,"minecraft:lilac":4},"minecraft:picked_up":{"minecraft:lilac":4,"minecraft:rotten_flesh":7,"minecraft:gold_nugget":1,"minecraft:dirt":2},"minecraft:killed_by":{"minecraft:skeleton":1,"minecraft:zombie":37},"minecraft:custom":{"minecraft:time_since_rest":2048,"minecraft:damage_taken":10180,"minecraft:deaths":38,"minecraft:crouch_one_cm":1727,"minecraft:play_one_minute":169036,"minecraft:sprint_one_cm":826,"minecraft:walk_one_cm":131835,"minecraft:sneak_time":660,"minecraft:mob_kills":13,"minecraft:drop":1,"minecraft:jump":193,"minecraft:damage_dealt":1389,"minecraft:leave_game":15,"minecraft:time_since_death":2013,"minecraft:fall_one_cm":420,"minecraft:fly_one_cm":24028},"minecraft:used":{"minecraft:dirt":1},"minecraft:dropped":{"minecraft:dirt":1}},"DataVersion":2586}