{"stats":{"minecraft:killed":{"minecraft:zombie":5},"minecraft:mined":{"minecraft:grass":4,"minecraft:grass_block":2,"minecraft:oak_log":1,"minecraft:lilac":4},"minecraft:picked_up":{"minecraft:lilac":3,"minecraft:rotten_flesh":7,"minecraft:gold_nugget":1,"minecraft:dirt":2},"minecraft:killed_by":{"minecraft:skeleton":1,"minecraft:zombie":36},"minecraft:custom":{"minecraft:time_since_rest":1307,"minecraft:damage_taken":9630,"minecraft:deaths":37,"minecraft:crouch_one_cm":1727,"minecraft:play_one_minute":157036,"minecraft:sprint_one_cm":826,"minecraft:walk_one_cm":122365,"minecraft:sneak_time":660,"minecraft:mob_kills":11,"minecraft:drop":1,"minecraft:jump":179,"minecraft:damage_dealt":1353,"minecraft:leave_game":15,"minecraft:time_since_death":0,"minecraft:fall_one_cm":420,"minecraft:fly_one_cm":22538},"minecraft:used":{"minecraft:dirt":1},"minecraft:dropped":{"minecraft:dirt":1}},"DataVersion":2586}