{"stats":{"minecraft:picked_up":{"minecraft:netherite_boots":2,"minecraft:lilac":4,"minecraft:torch":14,"minecraft:lead":1,"minecraft:oak_log":5,"minecraft:grass_block":1,"minecraft:netherite_leggings":2,"minecraft:string":2,"minecraft:dirt":50,"minecraft:arrow":28,"minecraft:bone":23,"minecraft:rotten_flesh":197,"minecraft:netherite_helmet":2,"minecraft:gold_nugget":1,"minecraft:netherite_chestplate":3,"minecraft:oak_sapling":1},"minecraft:killed_by":{"minecraft:skeleton":2,"minecraft:creeper":1,"minecraft:zombie":62,"minecraft:pillager":2},"minecraft:custom":{"minecraft:time_since_rest":29714,"minecraft:sprint_one_cm":6362,"minecraft:damage_taken":17790,"minecraft:walk_one_cm":514421,"minecraft:mob_kills":27,"minecraft:drop":5,"minecraft:damage_dealt":4332,"minecraft:fly_one_cm":303771,"minecraft:crouch_one_cm":3036,"minecraft:play_one_minute":637198,"minecraft:deaths":74,"minecraft:sneak_time":1518,"minecraft:jump":537,"minecraft:leave_game":29,"minecraft:time_since_death":29687,"minecraft:fall_one_cm":3342},"minecraft:used":{"minecraft:grass_block":18,"minecraft:torch":62,"minecraft:dirt":127},"minecraft:killed":{"minecraft:zombie":8},"minecraft:dropped":{"minecraft:dirt":2,"minecraft:rotten_flesh":3},"minecraft:mined":{"minecraft:lilac":4,"minecraft:grass":6,"minecraft:grass_block":17,"minecraft:oak_log":1,"minecraft:dirt":6,"minecraft:oak_leaves":4,"minecraft:wall_torch":1},"minecraft:broken":{"minecraft:netherite_helmet":1,"minecraft:netherite_boots":1}},"DataVersion":2586}