{"stats":{"minecraft:used":{"minecraft:dirt":4},"minecraft:killed_by":{"minecraft:skeleton":1,"minecraft:creeper":1,"minecraft:zombie":46},"minecraft:mined":{"minecraft:grass":5,"minecraft:grass_block":5,"minecraft:oak_log":1,"minecraft:dirt":1,"minecraft:lilac":4,"minecraft:oak_leaves":2},"minecraft:picked_up":{"minecraft:arrow":1,"minecraft:lilac":4,"minecraft:bone":2,"minecraft:rotten_flesh":98,"minecraft:gold_nugget":1,"minecraft:lead":1,"minecraft:dirt":21},"minecraft:custom":{"minecraft:damage_taken":12765,"minecraft:time_since_rest":258,"minecraft:play_one_minute":343965,"minecraft:walk_one_cm":254688,"minecraft:crouch_one_cm":2068,"minecraft:sprint_one_cm":2346,"minecraft:deaths":49,"minecraft:sneak_time":894,"minecraft:mob_kills":16,"minecraft:drop":2,"minecraft:jump":314,"minecraft:damage_dealt":2238,"minecraft:leave_game":21,"minecraft:time_since_death":234,"minecraft:fall_one_cm":687,"minecraft:fly_one_cm":95847},"minecraft:killed":{"minecraft:zombie":6},"minecraft:dropped":{"minecraft:dirt":2}},"DataVersion":2586}