{"stats":{"minecraft:killed":{"minecraft:zombie":5},"minecraft:mined":{"minecraft:grass":5,"minecraft:grass_block":5,"minecraft:oak_log":1,"minecraft:dirt":1,"minecraft:lilac":4,"minecraft:oak_leaves":2},"minecraft:picked_up":{"minecraft:lilac":4,"minecraft:rotten_flesh":9,"minecraft:gold_nugget":1,"minecraft:dirt":5},"minecraft:killed_by":{"minecraft:skeleton":1,"minecraft:zombie":39},"minecraft:custom":{"minecraft:time_since_rest":15642,"minecraft:damage_taken":10780,"minecraft:deaths":41,"minecraft:crouch_one_cm":1800,"minecraft:play_one_minute":205036,"minecraft:sprint_one_cm":826,"minecraft:walk_one_cm":150122,"minecraft:sneak_time":696,"minecraft:mob_kills":15,"minecraft:drop":1,"minecraft:jump":232,"minecraft:damage_dealt":1640,"minecraft:leave_game":15,"minecraft:time_since_death":15607,"minecraft:fall_one_cm":687,"minecraft:fly_one_cm":32547},"minecraft:used":{"minecraft:dirt":1},"minecraft:dropped":{"minecraft:dirt":1}},"DataVersion":2586}