{"stats":{"minecraft:killed_by":{"minecraft:skeleton":2,"minecraft:creeper":1,"minecraft:zombie":62,"minecraft:pillager":2},"minecraft:killed":{"minecraft:zombie":8},"minecraft:dropped":{"minecraft:dirt":2,"minecraft:rotten_flesh":3},"minecraft:mined":{"minecraft:lilac":4,"minecraft:grass":6,"minecraft:grass_block":17,"minecraft:oak_log":1,"minecraft:dirt":6,"minecraft:oak_leaves":4,"minecraft:wall_torch":1},"minecraft:broken":{"minecraft:netherite_helmet":1,"minecraft:netherite_boots":1},"minecraft:used":{"minecraft:grass_block":18,"minecraft:stone":19,"minecraft:torch":62,"minecraft:dirt":127},"minecraft:custom":{"minecraft:time_since_rest":76363,"minecraft:sprint_one_cm":8654,"minecraft:damage_taken":18015,"minecraft:walk_one_cm":545257,"minecraft:mob_kills":28,"minecraft:drop":5,"minecraft:damage_dealt":4873,"minecraft:fly_one_cm":477114,"minecraft:crouch_one_cm":3313,"minecraft:play_one_minute":795740,"minecraft:deaths":75,"minecraft:sneak_time":2043,"minecraft:jump":578,"minecraft:leave_game":32,"minecraft:walk_on_water_one_cm":292,"minecraft:time_since_death":76334,"minecraft:fall_one_cm":3342},"minecraft:picked_up":{"minecraft:birch_log":10,"minecraft:stick":1,"minecraft:netherite_boots":2,"minecraft:feather":2,"minecraft:lilac":4,"minecraft:chicken":3,"minecraft:leather":1,"minecraft:torch":14,"minecraft:lead":1,"minecraft:porkchop":1,"minecraft:oak_log":5,"minecraft:grass_block":1,"minecraft:netherite_leggings":2,"minecraft:string":6,"minecraft:dirt":99,"minecraft:arrow":116,"minecraft:bone":98,"minecraft:rotten_flesh":233,"minecraft:netherite_helmet":2,"minecraft:wheat_seeds":4,"minecraft:gold_nugget":1,"minecraft:beef":3,"minecraft:netherite_chestplate":3,"minecraft:oak_sapling":1,"minecraft:birch_sapling":1,"minecraft:rail":20}},"DataVersion":2586}