{"stats":{"minecraft:used":{"minecraft:dirt":4},"minecraft:killed":{"minecraft:zombie":6},"minecraft:picked_up":{"minecraft:lilac":4,"minecraft:rotten_flesh":61,"minecraft:gold_nugget":1,"minecraft:dirt":21},"minecraft:dropped":{"minecraft:dirt":2},"minecraft:mined":{"minecraft:grass":5,"minecraft:grass_block":5,"minecraft:oak_log":1,"minecraft:dirt":1,"minecraft:lilac":4,"minecraft:oak_leaves":2},"minecraft:custom":{"minecraft:time_since_rest":102847,"minecraft:damage_taken":12065,"minecraft:deaths":46,"minecraft:crouch_one_cm":1927,"minecraft:play_one_minute":315575,"minecraft:sprint_one_cm":826,"minecraft:walk_one_cm":177042,"minecraft:sneak_time":884,"minecraft:mob_kills":16,"minecraft:drop":2,"minecraft:jump":285,"minecraft:damage_dealt":2072,"minecraft:leave_game":18,"minecraft:time_since_death":102534,"minecraft:fall_one_cm":687,"minecraft:fly_one_cm":93094},"minecraft:killed_by":{"minecraft:skeleton":1,"minecraft:zombie":44}},"DataVersion":2586}