{"stats":{"minecraft:killed":{"minecraft:zombie":6},"minecraft:mined":{"minecraft:lilac":4,"minecraft:grass":6,"minecraft:grass_block":17,"minecraft:oak_log":1,"minecraft:dirt":6,"minecraft:oak_leaves":4,"minecraft:wall_torch":1},"minecraft:picked_up":{"minecraft:netherite_boots":2,"minecraft:lilac":4,"minecraft:torch":12,"minecraft:lead":1,"minecraft:oak_log":5,"minecraft:grass_block":1,"minecraft:netherite_leggings":2,"minecraft:string":2,"minecraft:dirt":50,"minecraft:arrow":28,"minecraft:bone":23,"minecraft:rotten_flesh":153,"minecraft:netherite_helmet":2,"minecraft:gold_nugget":1,"minecraft:netherite_chestplate":3,"minecraft:oak_sapling":1},"minecraft:broken":{"minecraft:netherite_helmet":1,"minecraft:netherite_boots":1},"minecraft:killed_by":{"minecraft:skeleton":1,"minecraft:creeper":1,"minecraft:zombie":58,"minecraft:pillager":2},"minecraft:custom":{"minecraft:time_since_rest":86284,"minecraft:sprint_one_cm":5811,"minecraft:damage_taken":16485,"minecraft:walk_one_cm":424027,"minecraft:mob_kills":20,"minecraft:drop":5,"minecraft:damage_dealt":3542,"minecraft:fly_one_cm":168598,"minecraft:crouch_one_cm":2362,"minecraft:play_one_minute":492837,"minecraft:deaths":63,"minecraft:sneak_time":1130,"minecraft:jump":439,"minecraft:leave_game":23,"minecraft:time_since_death":86236,"minecraft:fall_one_cm":3342},"minecraft:used":{"minecraft:grass_block":2,"minecraft:torch":62,"minecraft:dirt":125},"minecraft:dropped":{"minecraft:dirt":2,"minecraft:rotten_flesh":3}},"DataVersion":2586}