{"stats":{"minecraft:broken":{"minecraft:netherite_helmet":1,"minecraft:netherite_boots":1},"minecraft:mined":{"minecraft:lilac":4,"minecraft:grass":6,"minecraft:grass_block":19,"minecraft:oak_log":1,"minecraft:dirt":6,"minecraft:tall_grass":4,"minecraft:oak_leaves":4,"minecraft:wall_torch":1},"minecraft:killed_by":{"minecraft:skeleton":3,"minecraft:creeper":1,"minecraft:zombie":72,"minecraft:pillager":2},"minecraft:killed":{"minecraft:zombie":8},"minecraft:used":{"minecraft:command_block":5,"minecraft:grass_block":18,"minecraft:stone_button":8,"minecraft:stone":34,"minecraft:redstone_block":71,"minecraft:torch":62,"minecraft:glowstone":10,"minecraft:dirt":157},"minecraft:picked_up":{"minecraft:birch_log":20,"minecraft:stick":7,"minecraft:netherite_boots":2,"minecraft:wheat":1,"minecraft:feather":9,"minecraft:lilac":4,"minecraft:redstone_block":4,"minecraft:chicken":16,"minecraft:salmon":18,"minecraft:leather":4,"minecraft:torch":14,"minecraft:lead":1,"minecraft:gravel":1,"minecraft:porkchop":7,"minecraft:oak_log":5,"minecraft:stone_button":3,"minecraft:ink_sac":34,"minecraft:grass_block":1,"minecraft:gunpowder":26,"minecraft:netherite_leggings":2,"minecraft:dirt":150,"minecraft:string":11,"minecraft:bone":207,"minecraft:arrow":233,"minecraft:command_block":3,"minecraft:rotten_flesh":687,"minecraft:netherite_helmet":2,"minecraft:wheat_seeds":13,"minecraft:gold_nugget":1,"minecraft:beef":11,"minecraft:bone_meal":2,"minecraft:glowstone":6,"minecraft:netherite_chestplate":3,"minecraft:oak_sapling":1,"minecraft:birch_sapling":2,"minecraft:coal":1,"minecraft:rail":40,"minecraft:ender_pearl":2},"minecraft:dropped":{"minecraft:dirt":2,"minecraft:glowstone":1,"minecraft:rotten_flesh":3,"minecraft:redstone_block":1},"minecraft:custom":{"minecraft:time_since_rest":200655,"minecraft:damage_taken":21080,"minecraft:walk_one_cm":747335,"minecraft:sprint_one_cm":16480,"minecraft:mob_kills":33,"minecraft:drop":7,"minecraft:damage_dealt":6098,"minecraft:fly_one_cm":1358790,"minecraft:play_one_minute":1491545,"minecraft:crouch_one_cm":9004,"minecraft:sneak_time":4269,"minecraft:deaths":103,"minecraft:walk_under_water_one_cm":1380,"minecraft:jump":811,"minecraft:leave_game":45,"minecraft:time_since_death":200618,"minecraft:walk_on_water_one_cm":2776,"minecraft:fall_one_cm":3342}},"DataVersion":2586}