{"stats":{"minecraft:used":{"minecraft:dirt":4},"minecraft:killed_by":{"minecraft:skeleton":1,"minecraft:creeper":1,"minecraft:zombie":52},"minecraft:mined":{"minecraft:grass":5,"minecraft:grass_block":7,"minecraft:oak_log":1,"minecraft:dirt":1,"minecraft:lilac":4,"minecraft:oak_leaves":4},"minecraft:picked_up":{"minecraft:arrow":1,"minecraft:lilac":4,"minecraft:bone":2,"minecraft:rotten_flesh":115,"minecraft:gold_nugget":1,"minecraft:lead":1,"minecraft:oak_log":5,"minecraft:oak_sapling":1,"minecraft:string":2,"minecraft:dirt":21},"minecraft:custom":{"minecraft:damage_taken":14195,"minecraft:time_since_rest":78,"minecraft:play_one_minute":355965,"minecraft:walk_one_cm":294661,"minecraft:crouch_one_cm":2144,"minecraft:sprint_one_cm":5811,"minecraft:deaths":55,"minecraft:sneak_time":900,"minecraft:mob_kills":16,"minecraft:drop":5,"minecraft:jump":353,"minecraft:damage_dealt":2451,"minecraft:leave_game":21,"minecraft:time_since_death":0,"minecraft:fall_one_cm":1412,"minecraft:fly_one_cm":99181},"minecraft:killed":{"minecraft:zombie":6},"minecraft:dropped":{"minecraft:rotten_flesh":3,"minecraft:dirt":2}},"DataVersion":2586}