{"stats":{"minecraft:dropped":{"minecraft:dirt":2,"minecraft:rotten_flesh":3},"minecraft:killed_by":{"minecraft:skeleton":2,"minecraft:creeper":1,"minecraft:zombie":65,"minecraft:pillager":2},"minecraft:broken":{"minecraft:netherite_helmet":1,"minecraft:netherite_boots":1},"minecraft:picked_up":{"minecraft:birch_log":20,"minecraft:stick":7,"minecraft:netherite_boots":2,"minecraft:wheat":1,"minecraft:feather":5,"minecraft:lilac":4,"minecraft:chicken":8,"minecraft:salmon":18,"minecraft:leather":4,"minecraft:torch":14,"minecraft:lead":1,"minecraft:gravel":1,"minecraft:porkchop":7,"minecraft:oak_log":5,"minecraft:ink_sac":34,"minecraft:grass_block":1,"minecraft:gunpowder":26,"minecraft:netherite_leggings":2,"minecraft:dirt":148,"minecraft:string":11,"minecraft:arrow":226,"minecraft:bone":197,"minecraft:rotten_flesh":294,"minecraft:netherite_helmet":2,"minecraft:wheat_seeds":13,"minecraft:gold_nugget":1,"minecraft:beef":11,"minecraft:bone_meal":2,"minecraft:netherite_chestplate":3,"minecraft:oak_sapling":1,"minecraft:birch_sapling":2,"minecraft:coal":1,"minecraft:rail":40,"minecraft:ender_pearl":2},"minecraft:custom":{"minecraft:time_since_rest":2477,"minecraft:damage_taken":18800,"minecraft:sprint_one_cm":11254,"minecraft:walk_one_cm":558983,"minecraft:mob_kills":28,"minecraft:drop":5,"minecraft:damage_dealt":5058,"minecraft:fly_one_cm":541942,"minecraft:play_one_minute":837737,"minecraft:crouch_one_cm":3313,"minecraft:deaths":83,"minecraft:sneak_time":2137,"minecraft:jump":603,"minecraft:leave_game":35,"minecraft:time_since_death":0,"minecraft:walk_on_water_one_cm":292,"minecraft:fall_one_cm":3342},"minecraft:mined":{"minecraft:lilac":4,"minecraft:grass":6,"minecraft:grass_block":17,"minecraft:oak_log":1,"minecraft:dirt":6,"minecraft:tall_grass":1,"minecraft:oak_leaves":4,"minecraft:wall_torch":1},"minecraft:killed":{"minecraft:zombie":8},"minecraft:used":{"minecraft:grass_block":18,"minecraft:stone":19,"minecraft:torch":62,"minecraft:dirt":127}},"DataVersion":2586}