{"stats":{"minecraft:used":{"minecraft:dirt":4},"minecraft:killed":{"minecraft:zombie":6},"minecraft:picked_up":{"minecraft:lilac":4,"minecraft:rotten_flesh":49,"minecraft:gold_nugget":1,"minecraft:dirt":21},"minecraft:dropped":{"minecraft:dirt":1},"minecraft:mined":{"minecraft:grass":5,"minecraft:grass_block":5,"minecraft:oak_log":1,"minecraft:dirt":1,"minecraft:lilac":4,"minecraft:oak_leaves":2},"minecraft:custom":{"minecraft:time_since_rest":72847,"minecraft:damage_taken":12065,"minecraft:deaths":46,"minecraft:crouch_one_cm":1902,"minecraft:play_one_minute":285575,"minecraft:sprint_one_cm":826,"minecraft:walk_one_cm":169768,"minecraft:sneak_time":796,"minecraft:mob_kills":16,"minecraft:drop":1,"minecraft:jump":279,"minecraft:damage_dealt":2063,"minecraft:leave_game":18,"minecraft:time_since_death":72534,"minecraft:fall_one_cm":687,"minecraft:fly_one_cm":52487},"minecraft:killed_by":{"minecraft:skeleton":1,"minecraft:zombie":44}},"DataVersion":2586}