{"stats":{"minecraft:killed":{"minecraft:zombie":6},"minecraft:mined":{"minecraft:lilac":4,"minecraft:grass":6,"minecraft:grass_block":17,"minecraft:oak_log":1,"minecraft:dirt":6,"minecraft:oak_leaves":4,"minecraft:wall_torch":1},"minecraft:picked_up":{"minecraft:netherite_boots":2,"minecraft:lilac":4,"minecraft:lead":1,"minecraft:torch":12,"minecraft:oak_log":5,"minecraft:netherite_leggings":2,"minecraft:string":2,"minecraft:dirt":41,"minecraft:bone":17,"minecraft:arrow":14,"minecraft:rotten_flesh":137,"minecraft:netherite_helmet":2,"minecraft:gold_nugget":1,"minecraft:netherite_chestplate":2,"minecraft:oak_sapling":1},"minecraft:broken":{"minecraft:netherite_helmet":1},"minecraft:killed_by":{"minecraft:skeleton":1,"minecraft:creeper":1,"minecraft:zombie":57,"minecraft:pillager":2},"minecraft:custom":{"minecraft:time_since_rest":22604,"minecraft:sprint_one_cm":5811,"minecraft:damage_taken":16051,"minecraft:walk_one_cm":398717,"minecraft:mob_kills":18,"minecraft:drop":5,"minecraft:damage_dealt":3461,"minecraft:fly_one_cm":118344,"minecraft:crouch_one_cm":2333,"minecraft:play_one_minute":403747,"minecraft:deaths":62,"minecraft:sneak_time":1058,"minecraft:jump":419,"minecraft:leave_game":22,"minecraft:time_since_death":22572,"minecraft:fall_one_cm":2374},"minecraft:used":{"minecraft:grass_block":2,"minecraft:torch":62,"minecraft:dirt":117},"minecraft:dropped":{"minecraft:dirt":2,"minecraft:rotten_flesh":3}},"DataVersion":2586}