{"stats":{"minecraft:killed":{"minecraft:zombie":3},"minecraft:picked_up":{"minecraft:lilac":2,"minecraft:rotten_flesh":2,"minecraft:gold_nugget":1,"minecraft:dirt":1},"minecraft:dropped":{"minecraft:dirt":1},"minecraft:custom":{"minecraft:time_since_rest":778,"minecraft:damage_taken":4690,"minecraft:crouch_one_cm":1693,"minecraft:play_one_minute":96076,"minecraft:deaths":18,"minecraft:walk_one_cm":81901,"minecraft:sneak_time":650,"minecraft:mob_kills":6,"minecraft:drop":1,"minecraft:jump":108,"minecraft:damage_dealt":888,"minecraft:leave_game":13,"minecraft:time_since_death":0,"minecraft:fall_one_cm":420,"minecraft:fly_one_cm":14036},"minecraft:mined":{"minecraft:grass":1,"minecraft:grass_block":1,"minecraft:oak_log":1,"minecraft:lilac":3},"minecraft:killed_by":{"minecraft:skeleton":1,"minecraft:zombie":17}},"DataVersion":2586}