{"stats":{"minecraft:mined":{"minecraft:lilac":3,"minecraft:oak_log":1,"minecraft:grass":1},"minecraft:killed_by":{"minecraft:zombie":11},"minecraft:picked_up":{"minecraft:lilac":2,"minecraft:rotten_flesh":1},"minecraft:custom":{"minecraft:jump":81,"minecraft:damage_dealt":299,"minecraft:time_since_rest":621,"minecraft:damage_taken":2820,"minecraft:leave_game":11,"minecraft:play_one_minute":81400,"minecraft:crouch_one_cm":1693,"minecraft:time_since_death":0,"minecraft:walk_one_cm":67568,"minecraft:deaths":11,"minecraft:sneak_time":650,"minecraft:mob_kills":2,"minecraft:fall_one_cm":420,"minecraft:fly_one_cm":12266}},"DataVersion":2586}