{"stats":{"minecraft:killed_by":{"minecraft:skeleton":2,"minecraft:creeper":1,"minecraft:zombie":62,"minecraft:pillager":2},"minecraft:killed":{"minecraft:zombie":8},"minecraft:dropped":{"minecraft:dirt":2,"minecraft:rotten_flesh":3},"minecraft:mined":{"minecraft:lilac":4,"minecraft:grass":6,"minecraft:grass_block":17,"minecraft:oak_log":1,"minecraft:dirt":6,"minecraft:oak_leaves":4,"minecraft:wall_torch":1},"minecraft:broken":{"minecraft:netherite_helmet":1,"minecraft:netherite_boots":1},"minecraft:used":{"minecraft:grass_block":18,"minecraft:stone":19,"minecraft:torch":62,"minecraft:dirt":127},"minecraft:picked_up":{"minecraft:birch_log":20,"minecraft:stick":2,"minecraft:netherite_boots":2,"minecraft:feather":4,"minecraft:lilac":4,"minecraft:chicken":6,"minecraft:leather":2,"minecraft:torch":14,"minecraft:lead":1,"minecraft:porkchop":2,"minecraft:oak_log":5,"minecraft:grass_block":1,"minecraft:netherite_leggings":2,"minecraft:dirt":148,"minecraft:string":10,"minecraft:arrow":204,"minecraft:bone":173,"minecraft:rotten_flesh":269,"minecraft:netherite_helmet":2,"minecraft:wheat_seeds":8,"minecraft:gold_nugget":1,"minecraft:beef":6,"minecraft:netherite_chestplate":3,"minecraft:oak_sapling":1,"minecraft:birch_sapling":2,"minecraft:rail":40},"minecraft:custom":{"minecraft:time_since_rest":2042,"minecraft:damage_taken":18015,"minecraft:sprint_one_cm":8654,"minecraft:walk_one_cm":545257,"minecraft:mob_kills":28,"minecraft:drop":5,"minecraft:damage_dealt":4873,"minecraft:fly_one_cm":489185,"minecraft:play_one_minute":803948,"minecraft:crouch_one_cm":3313,"minecraft:deaths":77,"minecraft:sneak_time":2069,"minecraft:jump":581,"minecraft:leave_game":32,"minecraft:time_since_death":2004,"minecraft:walk_on_water_one_cm":292,"minecraft:fall_one_cm":3342}},"DataVersion":2586}