{"stats":{"minecraft:killed":{"minecraft:zombie":4},"minecraft:mined":{"minecraft:grass":3,"minecraft:grass_block":2,"minecraft:oak_log":1,"minecraft:lilac":3},"minecraft:picked_up":{"minecraft:lilac":2,"minecraft:rotten_flesh":4,"minecraft:gold_nugget":1,"minecraft:dirt":2},"minecraft:killed_by":{"minecraft:skeleton":1,"minecraft:zombie":30},"minecraft:custom":{"minecraft:time_since_rest":405,"minecraft:damage_taken":7980,"minecraft:deaths":31,"minecraft:crouch_one_cm":1693,"minecraft:play_one_minute":147400,"minecraft:sprint_one_cm":826,"minecraft:walk_one_cm":106387,"minecraft:sneak_time":657,"minecraft:mob_kills":9,"minecraft:drop":1,"minecraft:jump":152,"minecraft:damage_dealt":1249,"minecraft:leave_game":14,"minecraft:time_since_death":0,"minecraft:fall_one_cm":420,"minecraft:fly_one_cm":21133},"minecraft:used":{"minecraft:dirt":1},"minecraft:dropped":{"minecraft:dirt":1}},"DataVersion":2586}