{"stats":{"minecraft:mined":{"minecraft:grass":5,"minecraft:grass_block":5,"minecraft:oak_log":1,"minecraft:dirt":1,"minecraft:lilac":4,"minecraft:oak_leaves":2},"minecraft:custom":{"minecraft:time_since_rest":3024,"minecraft:damage_taken":11905,"minecraft:deaths":46,"minecraft:crouch_one_cm":1839,"minecraft:play_one_minute":215752,"minecraft:sprint_one_cm":826,"minecraft:walk_one_cm":164334,"minecraft:sneak_time":705,"minecraft:mob_kills":15,"minecraft:drop":1,"minecraft:jump":266,"minecraft:damage_dealt":1738,"minecraft:leave_game":17,"minecraft:time_since_death":2711,"minecraft:fall_one_cm":687,"minecraft:fly_one_cm":35520},"minecraft:killed":{"minecraft:zombie":5},"minecraft:killed_by":{"minecraft:skeleton":1,"minecraft:zombie":44},"minecraft:picked_up":{"minecraft:lilac":4,"minecraft:rotten_flesh":11,"minecraft:gold_nugget":1,"minecraft:dirt":5},"minecraft:used":{"minecraft:dirt":1},"minecraft:dropped":{"minecraft:dirt":1}},"DataVersion":2586}