{"stats":{"minecraft:killed":{"minecraft:zombie":3},"minecraft:picked_up":{"minecraft:lilac":2,"minecraft:rotten_flesh":4,"minecraft:gold_nugget":1,"minecraft:dirt":2},"minecraft:dropped":{"minecraft:dirt":1},"minecraft:custom":{"minecraft:time_since_rest":24373,"minecraft:sprint_one_cm":756,"minecraft:damage_taken":4730,"minecraft:crouch_one_cm":1693,"minecraft:play_one_minute":119671,"minecraft:deaths":18,"minecraft:walk_one_cm":89102,"minecraft:sneak_time":657,"minecraft:mob_kills":7,"minecraft:drop":1,"minecraft:jump":115,"minecraft:damage_dealt":977,"minecraft:leave_game":14,"minecraft:time_since_death":22223,"minecraft:fall_one_cm":420,"minecraft:fly_one_cm":18773},"minecraft:used":{"minecraft:dirt":1},"minecraft:mined":{"minecraft:grass":1,"minecraft:grass_block":2,"minecraft:oak_log":1,"minecraft:lilac":3},"minecraft:killed_by":{"minecraft:skeleton":1,"minecraft:zombie":17}},"DataVersion":2586}