{"stats":{"minecraft:killed":{"minecraft:zombie":3},"minecraft:mined":{"minecraft:grass":2,"minecraft:grass_block":2,"minecraft:oak_log":1,"minecraft:lilac":3},"minecraft:picked_up":{"minecraft:lilac":2,"minecraft:rotten_flesh":4,"minecraft:gold_nugget":1,"minecraft:dirt":2},"minecraft:killed_by":{"minecraft:skeleton":1,"minecraft:zombie":22},"minecraft:custom":{"minecraft:time_since_rest":2822,"minecraft:damage_taken":5980,"minecraft:deaths":23,"minecraft:crouch_one_cm":1693,"minecraft:play_one_minute":135400,"minecraft:sprint_one_cm":756,"minecraft:walk_one_cm":98207,"minecraft:sneak_time":657,"minecraft:mob_kills":8,"minecraft:drop":1,"minecraft:jump":134,"minecraft:damage_dealt":995,"minecraft:leave_game":14,"minecraft:time_since_death":2771,"minecraft:fall_one_cm":420,"minecraft:fly_one_cm":19762},"minecraft:used":{"minecraft:dirt":1},"minecraft:dropped":{"minecraft:dirt":1}},"DataVersion":2586}