{"stats":{"minecraft:mined":{"minecraft:lilac":3,"minecraft:oak_log":1},"minecraft:custom":{"minecraft:jump":52,"minecraft:damage_dealt":155,"minecraft:time_since_rest":3186,"minecraft:damage_taken":1530,"minecraft:leave_game":6,"minecraft:play_one_minute":66901,"minecraft:crouch_one_cm":297,"minecraft:time_since_death":3061,"minecraft:walk_one_cm":36787,"minecraft:deaths":6,"minecraft:sneak_time":234,"minecraft:mob_kills":1,"minecraft:fall_one_cm":209,"minecraft:fly_one_cm":6515},"minecraft:killed_by":{"minecraft:zombie":6},"minecraft:picked_up":{"minecraft:lilac":2}},"DataVersion":2586}