{"stats":{"minecraft:killed_by":{"minecraft:skeleton":2,"minecraft:creeper":1,"minecraft:zombie":62,"minecraft:pillager":2},"minecraft:killed":{"minecraft:zombie":8},"minecraft:dropped":{"minecraft:dirt":2,"minecraft:rotten_flesh":3},"minecraft:mined":{"minecraft:lilac":4,"minecraft:grass":6,"minecraft:grass_block":17,"minecraft:oak_log":1,"minecraft:dirt":6,"minecraft:oak_leaves":4,"minecraft:wall_torch":1},"minecraft:broken":{"minecraft:netherite_helmet":1,"minecraft:netherite_boots":1},"minecraft:used":{"minecraft:grass_block":18,"minecraft:stone":19,"minecraft:torch":62,"minecraft:dirt":127},"minecraft:picked_up":{"minecraft:netherite_boots":2,"minecraft:feather":2,"minecraft:lilac":4,"minecraft:chicken":3,"minecraft:torch":14,"minecraft:lead":1,"minecraft:oak_log":5,"minecraft:grass_block":1,"minecraft:netherite_leggings":2,"minecraft:string":4,"minecraft:dirt":50,"minecraft:arrow":57,"minecraft:bone":48,"minecraft:rotten_flesh":222,"minecraft:netherite_helmet":2,"minecraft:gold_nugget":1,"minecraft:netherite_chestplate":3,"minecraft:oak_sapling":1},"minecraft:custom":{"minecraft:time_since_rest":61005,"minecraft:sprint_one_cm":8654,"minecraft:damage_taken":18015,"minecraft:walk_one_cm":545257,"minecraft:mob_kills":28,"minecraft:drop":5,"minecraft:damage_dealt":4819,"minecraft:fly_one_cm":422355,"minecraft:crouch_one_cm":3313,"minecraft:play_one_minute":780382,"minecraft:deaths":75,"minecraft:sneak_time":1912,"minecraft:jump":578,"minecraft:leave_game":31,"minecraft:walk_on_water_one_cm":292,"minecraft:time_since_death":60976,"minecraft:fall_one_cm":3342}},"DataVersion":2586}