{"stats":{"minecraft:used":{"minecraft:dirt":4},"minecraft:killed_by":{"minecraft:skeleton":1,"minecraft:zombie":44},"minecraft:mined":{"minecraft:grass":5,"minecraft:grass_block":5,"minecraft:oak_log":1,"minecraft:dirt":1,"minecraft:lilac":4,"minecraft:oak_leaves":2},"minecraft:picked_up":{"minecraft:arrow":1,"minecraft:lilac":4,"minecraft:bone":1,"minecraft:rotten_flesh":66,"minecraft:gold_nugget":1,"minecraft:dirt":21},"minecraft:custom":{"minecraft:damage_taken":12065,"minecraft:time_since_rest":114825,"minecraft:play_one_minute":327553,"minecraft:walk_one_cm":191126,"minecraft:crouch_one_cm":1983,"minecraft:sprint_one_cm":826,"minecraft:deaths":46,"minecraft:sneak_time":888,"minecraft:mob_kills":16,"minecraft:drop":2,"minecraft:jump":290,"minecraft:damage_dealt":2072,"minecraft:leave_game":19,"minecraft:time_since_death":114512,"minecraft:fall_one_cm":687,"minecraft:fly_one_cm":93094},"minecraft:killed":{"minecraft:zombie":6},"minecraft:dropped":{"minecraft:dirt":2}},"DataVersion":2586}