{"stats":{"minecraft:killed_by":{"minecraft:zombie":6},"minecraft:picked_up":{"minecraft:lilac":2},"minecraft:mined":{"minecraft:lilac":3,"minecraft:oak_log":1},"minecraft:custom":{"minecraft:jump":51,"minecraft:damage_dealt":128,"minecraft:time_since_rest":953,"minecraft:damage_taken":1530,"minecraft:leave_game":5,"minecraft:play_one_minute":64668,"minecraft:crouch_one_cm":221,"minecraft:time_since_death":828,"minecraft:walk_one_cm":35165,"minecraft:deaths":6,"minecraft:sneak_time":204,"minecraft:mob_kills":1,"minecraft:fall_one_cm":209,"minecraft:fly_one_cm":6515}},"DataVersion":2586}