{"stats":{"minecraft:custom":{"minecraft:time_since_rest":528,"minecraft:damage_taken":21080,"minecraft:sprint_one_cm":16370,"minecraft:walk_one_cm":661877,"minecraft:mob_kills":29,"minecraft:drop":5,"minecraft:damage_dealt":5486,"minecraft:fly_one_cm":883307,"minecraft:play_one_minute":1094598,"minecraft:crouch_one_cm":4699,"minecraft:deaths":98,"minecraft:sneak_time":2629,"minecraft:walk_under_water_one_cm":1380,"minecraft:jump":675,"minecraft:leave_game":40,"minecraft:time_since_death":494,"minecraft:walk_on_water_one_cm":2776,"minecraft:fall_one_cm":3342},"minecraft:killed_by":{"minecraft:skeleton":3,"minecraft:creeper":1,"minecraft:zombie":72,"minecraft:pillager":2},"minecraft:used":{"minecraft:command_block":2,"minecraft:grass_block":18,"minecraft:stone_button":3,"minecraft:stone":25,"minecraft:torch":62,"minecraft:glowstone":1,"minecraft:dirt":157},"minecraft:killed":{"minecraft:zombie":8},"minecraft:dropped":{"minecraft:dirt":2,"minecraft:rotten_flesh":3},"minecraft:broken":{"minecraft:netherite_helmet":1,"minecraft:netherite_boots":1},"minecraft:picked_up":{"minecraft:birch_log":20,"minecraft:stick":7,"minecraft:netherite_boots":2,"minecraft:wheat":1,"minecraft:feather":5,"minecraft:lilac":4,"minecraft:chicken":8,"minecraft:salmon":18,"minecraft:leather":4,"minecraft:torch":14,"minecraft:lead":1,"minecraft:gravel":1,"minecraft:porkchop":7,"minecraft:oak_log":5,"minecraft:ink_sac":34,"minecraft:grass_block":1,"minecraft:gunpowder":26,"minecraft:netherite_leggings":2,"minecraft:dirt":150,"minecraft:string":11,"minecraft:arrow":230,"minecraft:bone":205,"minecraft:rotten_flesh":354,"minecraft:netherite_helmet":2,"minecraft:wheat_seeds":13,"minecraft:gold_nugget":1,"minecraft:beef":11,"minecraft:bone_meal":2,"minecraft:netherite_chestplate":3,"minecraft:oak_sapling":1,"minecraft:birch_sapling":2,"minecraft:coal":1,"minecraft:rail":40,"minecraft:ender_pearl":2},"minecraft:mined":{"minecraft:lilac":4,"minecraft:grass":6,"minecraft:grass_block":19,"minecraft:oak_log":1,"minecraft:dirt":6,"minecraft:tall_grass":4,"minecraft:oak_leaves":4,"minecraft:wall_torch":1}},"DataVersion":2586}