{"stats":{"minecraft:killed":{"minecraft:zombie":6},"minecraft:mined":{"minecraft:grass":6,"minecraft:grass_block":17,"minecraft:oak_log":1,"minecraft:dirt":6,"minecraft:lilac":4,"minecraft:oak_leaves":4},"minecraft:picked_up":{"minecraft:arrow":1,"minecraft:lilac":4,"minecraft:bone":2,"minecraft:rotten_flesh":125,"minecraft:netherite_helmet":1,"minecraft:torch":3,"minecraft:gold_nugget":1,"minecraft:lead":1,"minecraft:oak_log":5,"minecraft:netherite_chestplate":1,"minecraft:oak_sapling":1,"minecraft:netherite_leggings":1,"minecraft:dirt":32,"minecraft:string":2,"minecraft:netherite_boots":1},"minecraft:killed_by":{"minecraft:skeleton":1,"minecraft:creeper":1,"minecraft:zombie":56,"minecraft:pillager":2},"minecraft:custom":{"minecraft:damage_taken":15799,"minecraft:play_one_minute":379747,"minecraft:time_since_rest":5799,"minecraft:walk_one_cm":331707,"minecraft:crouch_one_cm":2173,"minecraft:sprint_one_cm":5811,"minecraft:deaths":61,"minecraft:sneak_time":1014,"minecraft:mob_kills":17,"minecraft:drop":5,"minecraft:jump":397,"minecraft:damage_dealt":3258,"minecraft:leave_game":22,"minecraft:time_since_death":5768,"minecraft:fly_one_cm":113407,"minecraft:fall_one_cm":2374},"minecraft:used":{"minecraft:dirt":37,"minecraft:torch":17},"minecraft:dropped":{"minecraft:rotten_flesh":3,"minecraft:dirt":2}},"DataVersion":2586}