{"stats":{"minecraft:mined":{"minecraft:lilac":3,"minecraft:oak_log":1},"minecraft:killed_by":{"minecraft:zombie":10},"minecraft:picked_up":{"minecraft:lilac":2,"minecraft:rotten_flesh":1},"minecraft:custom":{"minecraft:jump":79,"minecraft:damage_dealt":200,"minecraft:time_since_rest":2712,"minecraft:damage_taken":2520,"minecraft:leave_game":9,"minecraft:play_one_minute":77219,"minecraft:crouch_one_cm":1226,"minecraft:time_since_death":2672,"minecraft:walk_one_cm":56346,"minecraft:deaths":10,"minecraft:sneak_time":562,"minecraft:mob_kills":2,"minecraft:fall_one_cm":420,"minecraft:fly_one_cm":12106}},"DataVersion":2586}