{
  "minecraft:adventure/root": {
    "criteria": {
      "killed_by_something": "2024-07-29 18:46:58 +0000"
    },
    "done": true
  },
  "minecraft:recipes/misc/magenta_dye_from_lilac": {
    "criteria": {
      "has_double_plant": "2024-07-29 18:00:05 +0000"
    },
    "done": true
  },
  "minecraft:adventure/adventuring_time": {
    "criteria": {
      "minecraft:forest": "2024-07-29 18:13:45 +0000",
      "minecraft:birch_forest": "2024-07-29 18:46:11 +0000",
      "minecraft:wooded_hills": "2024-07-29 17:59:51 +0000"
    },
    "done": false
  },
  "DataVersion": 2586
}